Workbook

Sheet Outputs
A2: No. of prisoners | B2: 1440 | C2: Input figure here
A4: Required GIFA | B4: =SUM(B11:B22) -> 56706
A5: Calculated Total GIFA ÷ Millsike Density
A7: No. of Houseblocks req'd | B7: =ROUNDUP(B2/Background!C3,0) -> 6
A8: Calculated Total GIFA ÷ Millsike Density
A10: Buildings | B10: GIFA
A11: ERH (core) | B11: =Background!C12 -> 3059
A12: ERH (offices) | B12: =$B$2*Background!E13 -> 200
A13: ERH (visits hall) | B13: =$B$2*Background!E14 -> 1400
A14: Support | B14: =Background!C15 -> 770
A15: Central services (core) | B15: =Background!C16 -> 3130
A16: Central services (education) | B16: =$B$2*Background!E17 -> 1500
A17: Central services (gym) | B17: =$B$2*Background!E18 -> 300
A18: Kitchen | B18: =Background!C19 -> 1926
A19: Workshop | B19: =Background!C20+((B7-6)*1200) -> 7257
A20: CASU | B20: =Background!C21 -> 648
A21: Houseblock | B21: =((B7-1)*Background!C22) -> 30430
A22: OPU | B22: =Background!C23 -> 6086
A24: Required Acres | B24: =((B2*Background!C5)/4046.86) -> 51.061811
A25: Calculated Total GIFA ÷ Millsike Density
A27: Programme (wks) | B27: =Background!C7+((B7-1)*Background!C8)+Background!C9 -> 154
A28: Houseblock Duration + ((Number of Blocks - 1) × 4 Weeks) + Commissioning
A30: Description | B30: Cost / m2
A31: Profit | B31: =$B$4*Background!C26 -> 6767861.1
A32: Central OH | B32: =$B$4*Background!C27 -> 17789806
A33: Site OH A | B33: =$B$4*Background!C28 -> 24870685
A34: Site OH B | B34: =$B$4*Background!C29 -> 28036581
A35: Risk | B35: =$B$4*Background!C30 -> 8128238
A36: Specialist fees | B36: =$B$4*Background!C31 -> 1781135.5
A37: Precon fees | B37: =$B$4*Background!C32 -> 1201033.1
A38: Regulatory fees | B38: =$B$4*Background!C33 -> 0
A39: Demo | B39: =$B$4*Background!C34 -> 0
A40: Substructure | B40: =$B$4*Background!C35 -> 22442534
A41: Superstructure Env | B41: =$B$4*Background!C36 -> 80536129
A42: Superstructure Sub | B42: =$B$4*Background!C37 -> 21404247
... A47: Minor works | B47: =$B$4*Background!C42 -> 6738941
A48: TOTAL | B48: =SUM(B31:B47) -> 4.6785229e+08

Sheet Background
B2: Prisoners (Total) | C2: 1440
B3: Prisoners (per HB) | C3: 240
B4: GIFA | C4: =SUM(C12:C21)+(5*C22)+C23 -> 56706
B5: Site area | C5: 143.5
B6: Area / prisoner | C6: =C4/C2 -> 39.379167
B7: Programme (HBs) | C7: 122
B8: Programme (Stagger) | C8: 4
B9: Programme (Commissioning) | C9: 12
B11: Building | C11: GIFA | D11: Status | E11: m2 / person | F11: Notes
B12: ERH (core) | C12: 3059 | D12: Fixed
B13: ERH (offices) | C13: =$C$2*E13 -> 200 | E13: =200/1440 -> 0.13888889
B14: ERH (visits hall) | C14: =$C$2*E14 -> 1400 | E14: =1400/1440 -> 0.97222222
B15: Support | C15: 770 | D15: Fixed
B16: Central services (core) | C16: 3130 | D16: Fixed
B17: Central services (education) | C17: =$C$2*E17 -> 1500 | E17: =1500/1440 -> 1.0416667
B18: Central services (gym) | C18: =$C$2*E18 -> 300 | E18: =300/1440 -> 0.20833333
B19: Kitchen | C19: 1926 | D19: Fixed
B20: Workshop | C20: 7257 | E20: 1200 | F20: per additional HB
B21: CASU | C21: 648 | D21: Fixed | F21: 1 additional CASU per 6 HBs
B22: Houseblock | C22: 6086 | D22: Fixed
B23: OPU | C23: 6086 | D23: Fixed | F23: 1 additional OPU per 6 HBs
B25: Description | C25: Cost / m2
B26: Profit | C26: 119.35
B27: Central OH | C27: 313.72
B28: Site OH A | C28: 438.59
B29: Site OH B | C29: 494.42
B30: Risk | C30: 143.34
B31: Specialist fees | C31: 31.41
B32: Precon fees | C32: 21.18
B33: Regulatory fees
B34: Demo
B35: Substructure | C35: 395.77
B36: Superstructure Env | C36: 1420.24
B37: Superstructure Sub | C37: 377.46
B38: Finishes | C38: 327.77
B39: Fittings | C39: 108.08
B40: M&E | C40: 2248.64
B41: External works | C41: 1691.68
B42: Minor works | C42: 118.84
